{
  "IsEncrypted": false,
  "Values": {
    "WEBSITE_SLOT_NAME": "Production",
    "FUNCTIONS_EXTENSION_VERSION": "~2",
    "ScmType": "None",
    "WEBSITE_AUTH_ENABLED": "False",
    "REMOTEDEBUGGINGVERSION": "15.0.28307.222",
    "APPINSIGHTS_INSTRUMENTATIONKEY": "9273342f-0479-4bbb-b5ec-c4184e160224",
    "WEBSITE_NODE_DEFAULT_VERSION": "8.11.1.",
    "WEBSITE_CONTENTAZUREFILECONNECTIONSTRING": "DefaultEndpointsProtocol=https;AccountName=durablefunct97a1;AccountKey=DpolgEzQcK874KXtZeyi7aEBdCaiqMz1DStDwFu0CFYUGU1LZir/98io6ABLiriuavIO04XgCxswMya+Gc5p9Q==",
    "WEBSITE_CONTENTSHARE": "durablefunct97a1",
    "WEBSITE_AUTH_AUTO_AAD": "False",
    "FUNCTIONS_WORKER_RUNTIME": "node",
    "WEBSITE_SITE_NAME": "durablefunct",
    "WEBSITE_AUTH_LOGOUT_PATH": "/.auth/logout",
    "AzureWebJobsStorage": "DefaultEndpointsProtocol=https;AccountName=durablefunct97a1;AccountKey=DpolgEzQcK874KXtZeyi7aEBdCaiqMz1DStDwFu0CFYUGU1LZir/98io6ABLiriuavIO04XgCxswMya+Gc5p9Q=="
  }
}